fight_id,event_date,weight_class,is_title_bout,is_main_event,a_name,b_name,a_archetype,b_archetype,a_short_notice,b_short_notice,a_long_layoff,b_long_layoff,a_age,b_age,a_ufc_fights,b_ufc_fights,a_win_rate_l3,b_win_rate_l3,a_finish_rate,b_finish_rate,a_recent_1,b_recent_1,prob_a,confidence,confidence_bucket,model_pick,a_won,correct,fav_hit
00959e29e4a10e26,2026-05-30,Bantamweight,0,0,Cameron Smotherman,Kai Asakura,Point Fighter,Point Fighter,0,0,0,0,28.7,32.6,3,2,0.3333,0.0,0.0,0.0,L,L,0.6304,0.6304,med (60-70%),A,0,0,0
00bde62cac38e5e9,2026-05-02,Bantamweight,0,0,Colby Thicknesse,Vince Morales,Volume Striker,Point Fighter,0,0,0,0,26.9,35.5,2,12,0.5,0.0,0.0,0.3333,W,L,0.7223,0.7223,high (>=70%),A,1,1,1
00e8d4b961a65d21,2026-06-14,Middleweight,0,0,Bo Nickal,Kyle Daukaus,Sub Specialist,Sub Specialist,0,0,0,0,30.4,33.3,6,10,0.6667,0.6667,0.8,0.6,W,W,0.6781,0.6781,med (60-70%),A,1,1,1
012c307c9d446c4d,2026-06-27,Middleweight,0,0,Michel Pereira,Shara Magomedov,Volume Striker,Volume Striker,0,0,0,0,32.7,32.1,15,6,0.3333,0.6667,0.5,0.4,W,W,0.4322,0.5678,lean (55-60%),B,0,1,1
04b7bcc0e8488604,2026-02-21,Heavyweight,0,0,Ante Delija,Serghei Spivac,Volume Striker,Sub Specialist,0,0,0,0,35.5,31.1,2,14,0.5,0.3333,1.0,0.75,L,L,0.4067,0.5933,lean (55-60%),B,0,1,1
0760bc02280574dd,2026-04-04,Heavyweight,0,0,Guilherme Pat,Thomas Petersen,Point Fighter,Wrestler,0,0,0,0,32.0,31.0,1,5,1.0,0.3333,0.0,0.0,W,L,0.5891,0.5891,lean (55-60%),A,0,0,0
08d4e3864c44f8a5,2026-03-28,Heavyweight,0,0,Marcin Tybura,Tyrell Fortune,Point Fighter,Point Fighter,0,0,0,0,40.4,35.7,23,0,0.6667,0.0,0.4286,0.0,L,,0.5472,0.5472,tossup (50-55%),A,0,0,0
0b6c13ab8ad7f82b,2026-04-18,Women's Flyweight,0,0,JJ Aldrich,Jamey-Lyn Horth,Point Fighter,Volume Striker,0,0,0,0,33.5,36.1,16,6,0.6667,0.6667,0.1,0.25,W,W,0.4184,0.5816,lean (55-60%),B,1,0,0
0df4f4ac27cf2d26,2026-04-25,Women's Strawweight,0,0,Julia Polastri,Talita Alencar,Volume Striker,Sub Specialist,0,0,0,0,28.1,35.5,4,4,0.6667,0.6667,0.5,0.3333,W,W,0.5277,0.5277,tossup (50-55%),A,0,0,0
0e60ab32f3d03929,2026-06-27,Welterweight,0,0,Daniil Donchenko,Theodor Berggren,Volume Striker,Point Fighter,0,0,0,0,24.9,26.2,2,0,1.0,0.0,0.5,0.0,W,,0.7449,0.7449,high (>=70%),A,1,1,1
10ab34056720b6b4,2026-04-11,Featherweight,0,0,Aaron Pico,Patricio Pitbull,Wrestler,Wrestler,0,0,0,0,29.5,38.8,1,2,0.0,0.5,0.0,0.0,L,W,0.6315,0.6315,med (60-70%),A,1,1,1
1162a74e3604c488,2026-07-11,Middleweight,0,0,Ryan Gandra,Zach Reese,Counter Striker,Volume Striker,0,0,0,0,31.2,32.3,1,8,1.0,0.3333,1.0,0.5,W,L,0.6311,0.6311,med (60-70%),A,1,1,1
118c25bda9392140,2026-07-11,Heavyweight,0,0,Elisha Ellison,Gable Steveson,Point Fighter,Point Fighter,0,0,0,0,29.3,26.1,1,0,0.0,0.0,0.0,0.0,L,,0.4034,0.5966,lean (55-60%),B,0,1,1
127ba4a1ccb3d4a6,2026-06-14,Featherweight,0,0,Diego Lopes,Steve Garcia,Volume Striker,Counter Striker,0,0,0,0,31.5,34.1,9,11,0.3333,1.0,0.6667,0.8889,L,W,0.4615,0.5385,tossup (50-55%),B,1,0,0
130b325610c54a64,2026-07-11,Lightweight,0,0,Benoit Saint Denis,Paddy Pimblett,Sub Specialist,Volume Striker,0,0,0,0,30.6,31.5,12,8,1.0,0.6667,1.0,0.7143,W,L,0.6607,0.6607,med (60-70%),A,0,0,0
17d31249c9ab18af,2026-06-20,Flyweight,0,0,Andre Lima,Kevin Borjas,Volume Striker,Point Fighter,0,0,0,0,27.4,28.5,4,5,1.0,0.3333,0.25,0.0,W,L,0.6925,0.6925,med (60-70%),A,0,0,0
1a7119f3996b5635,2026-06-27,Featherweight,0,0,Javier Reyes,Kaan Ofli,Volume Striker,Sub Specialist,0,0,0,0,32.7,33.0,1,4,1.0,0.6667,1.0,0.5,W,W,0.6796,0.6796,med (60-70%),A,0,0,0
1b6a3b0d27654d3e,2026-07-11,Flyweight,0,0,Alessandro Costa,Cody Durden,Volume Striker,Wrestler,0,0,0,0,30.5,35.3,7,16,0.6667,0.3333,1.0,0.2857,W,W,0.6433,0.6433,med (60-70%),A,1,1,1
1c50e43770ba84fc,2026-03-28,Women's Flyweight,0,0,Casey O'Neill,Gabriella Fernandes,Volume Striker,Volume Striker,0,0,1,0,28.5,32.6,7,5,0.3333,1.0,0.6,0.3333,W,W,0.5421,0.5421,tossup (50-55%),A,1,1,1
1f5d0b106385b2ac,2026-05-09,Middleweight,0,0,Baisangur Susurkaev,Djorden Santos,Sub Specialist,Volume Striker,0,0,0,0,25.3,28.8,2,2,1.0,0.5,1.0,0.0,W,W,0.7833,0.7833,high (>=70%),A,1,1,1
202d3277e569ad03,2026-02-21,Welterweight,0,0,Carlos Leal,Chidi Njokuani,Volume Striker,Volume Striker,0,0,0,0,31.8,37.1,3,9,0.3333,0.6667,1.0,0.6,L,L,0.4927,0.5073,tossup (50-55%),B,1,0,0
20868a67bea63129,2026-04-11,Middleweight,0,0,Kelvin Gastelum,Vicente Luque,Point Fighter,Volume Striker,0,0,0,0,34.5,34.4,25,24,0.6667,0.3333,0.3571,0.875,W,L,0.4828,0.5172,tossup (50-55%),B,0,1,1
20d74ed23d3e9b3a,2026-06-06,Flyweight,0,0,Bruno Silva,Edgar Chairez,Volume Striker,Volume Striker,0,0,0,0,36.9,30.4,19,6,0.3333,0.6667,1.0,0.6667,L,W,0.4144,0.5856,lean (55-60%),B,0,1,1
210fc45074fba464,2026-01-24,Welterweight,0,0,Adam Fugitt,Ty Miller,Volume Striker,Point Fighter,0,0,0,0,37.0,25.6,5,0,0.3333,0.0,0.5,0.0,L,,0.3203,0.6797,med (60-70%),B,0,1,1
216bc9b661485017,2026-03-21,Women's Strawweight,0,0,Ravena Oliveira,Shanelle Dyer,Point Fighter,Point Fighter,0,0,0,0,29.1,24.9,2,0,0.0,0.0,0.0,0.0,L,,0.4991,0.5009,tossup (50-55%),B,0,1,1
224dce2c0b03e7eb,2026-05-30,Bantamweight,0,0,Luis Gurule,Rei Tsuruya,Volume Striker,Wrestler,0,0,0,0,32.5,23.9,4,2,0.3333,0.5,0.0,0.0,W,L,0.2893,0.7107,high (>=70%),B,0,1,1
22ba4f1b0aafbf82,2026-05-09,Heavyweight,0,0,Alexander Volkov,Waldo Cortes Acosta,Volume Striker,Volume Striker,0,0,0,0,37.5,34.6,18,12,0.6667,1.0,0.5385,0.5,W,W,0.5029,0.5029,tossup (50-55%),A,1,1,1
244285b7fd0ddece,2026-03-14,Women's Strawweight,0,0,Piera Rodriguez,Sam Hughes,Wrestler,Volume Striker,0,0,0,0,33.3,33.7,6,11,0.6667,1.0,0.0,0.3333,W,W,0.4703,0.5297,tossup (50-55%),B,1,0,0
25ab195cefbce1d0,2026-02-28,Bantamweight,0,0,Cristian Quinonez,Kris Moutinho,Volume Striker,Volume Striker,0,0,1,0,29.8,33.6,3,3,0.3333,0.0,1.0,0.0,L,L,0.7001,0.7001,high (>=70%),A,1,1,1
2afaa97901d5587c,2026-05-02,Heavyweight,0,0,Louie Sutherland,Tai Tuivasa,Wrestler,Volume Striker,0,0,0,0,32.2,33.1,2,17,0.0,0.0,0.0,0.875,L,L,0.5441,0.5441,tossup (50-55%),A,1,1,1
2c330a6f7f1e55f0,2026-03-14,Heavyweight,0,0,Steven Asplund,Vitor Petrino,Volume Striker,Wrestler,0,0,0,0,27.7,28.5,1,8,1.0,0.6667,1.0,0.6667,W,W,0.539,0.539,tossup (50-55%),A,0,0,0
2e7f8d0ad385876d,2026-04-25,Welterweight,0,0,Max Griffin,Victor Valenzuela,Point Fighter,Point Fighter,0,0,0,0,40.4,32.2,18,0,0.3333,0.0,0.375,0.0,L,,0.4771,0.5229,tossup (50-55%),B,0,1,1
303018d7459323b4,2026-05-09,Featherweight,0,0,Pat Sabatini,William Gomis,Wrestler,Volume Striker,0,0,0,0,35.5,28.9,10,6,1.0,0.6667,0.375,0.2,W,W,0.3797,0.6203,med (60-70%),B,1,0,0
30cdb851f6c63444,2026-06-14,Heavyweight,0,0,Derrick Lewis,Josh Hokit,Point Fighter,Volume Striker,0,0,0,0,41.3,28.6,31,3,0.6667,1.0,0.8,0.6667,L,W,0.2958,0.7042,high (>=70%),B,0,1,1
32054bf2b36b0e47,2026-04-18,Welterweight,0,1,Gilbert Burns,Mike Malott,Point Fighter,Volume Striker,0,0,0,0,39.7,34.4,24,7,0.0,1.0,0.5333,0.6667,L,W,0.3663,0.6337,med (60-70%),B,0,1,1
32d371462c539bee,2026-03-14,Bantamweight,0,0,Hecher Sosa,Luan Lacerda,Point Fighter,Sub Specialist,0,0,0,0,30.6,33.2,0,3,0.0,0.3333,0.0,1.0,,W,0.5254,0.5254,tossup (50-55%),A,1,1,1
33afdd7ad43a2756,2026-06-20,Flyweight,0,1,Kyoji Horiguchi,Manel Kape,Point Fighter,Volume Striker,0,0,0,0,35.7,32.6,10,10,1.0,1.0,0.3333,0.7143,W,W,0.4552,0.5448,tossup (50-55%),B,0,1,1
346e3897c2ead99a,2026-03-21,Featherweight,0,1,Lerone Murphy,Movsar Evloev,Volume Striker,Wrestler,0,0,0,0,34.7,32.1,10,9,1.0,1.0,0.3333,0.0,W,W,0.4511,0.5489,tossup (50-55%),B,0,1,1
348de8e364ecf041,2026-04-25,Bantamweight,0,0,Montel Jackson,Raoni Barcelos,Counter Striker,Volume Striker,0,0,0,0,34.0,39.0,13,14,0.6667,1.0,0.5,0.4,L,W,0.6701,0.6701,med (60-70%),A,0,0,0
34d5ec676fb5bce3,2026-05-30,Featherweight,0,0,Rodrigo Vera,Zhu Kangjie,Point Fighter,Point Fighter,0,0,0,0,30.6,30.4,0,0,0.0,0.0,0.0,0.0,,,0.5206,0.5206,tossup (50-55%),A,1,1,1
35985895d4ef321e,2026-06-27,Middleweight,0,0,Abus Magomedov,Michal Oleksiejczuk,Wrestler,Volume Striker,0,0,0,0,35.8,31.3,7,18,0.6667,1.0,0.5,0.8,L,W,0.4751,0.5249,tossup (50-55%),B,1,0,0
36d12b31957e94db,2026-02-28,Bantamweight,0,0,David Martinez,Marlon Vera,Volume Striker,Volume Striker,0,0,0,0,27.6,33.2,2,25,1.0,0.0,0.5,0.7333,W,L,0.5799,0.5799,lean (55-60%),A,1,1,1
370ff29489150560,2026-05-30,Women's Strawweight,0,0,Jaqueline Amorim,Loma Lookboonmee,Sub Specialist,Point Fighter,0,0,0,0,30.9,30.4,6,10,0.6667,0.6667,1.0,0.1429,L,L,0.5029,0.5029,tossup (50-55%),A,1,1,1
39417b7d07c2fd83,2026-05-16,Women's Strawweight,0,0,Nicolle Caliari,Shauna Bannon,Volume Striker,Volume Striker,0,0,0,0,29.5,32.6,2,4,0.0,0.6667,0.0,0.5,L,L,0.4001,0.5999,lean (55-60%),B,1,0,0
3b4803afa824fea3,2026-06-20,Flyweight,0,0,Allan Nascimento,Mitch Raposo,Sub Specialist,Point Fighter,0,0,0,0,34.8,27.7,6,3,1.0,0.3333,0.5,0.0,W,W,0.5229,0.5229,tossup (50-55%),A,0,0,0
3b7b771b9578383d,2026-03-14,Women's Strawweight,0,0,Amanda Lemos,Gillian Robertson,Point Fighter,Sub Specialist,0,0,0,0,38.8,30.8,14,19,0.3333,1.0,0.5556,0.7692,L,W,0.3489,0.6511,med (60-70%),B,0,1,1
3b9f50f07d9a1601,2026-03-21,Featherweight,0,0,Losene Keita,Nathaniel Wood,Point Fighter,Volume Striker,0,0,0,0,28.2,32.9,0,13,0.0,1.0,0.0,0.3,,W,0.3691,0.6309,med (60-70%),B,0,1,1
3bc0190fb17ba42f,2026-05-30,Bantamweight,0,0,Aoriqileng,Cody Haddon,Volume Striker,Volume Striker,0,0,0,1,32.9,27.7,9,1,0.3333,1.0,0.5,0.0,W,W,0.3521,0.6479,med (60-70%),B,0,1,1
3ee578ddd071ad4c,2026-03-21,Lightweight,0,0,Axel Sola,Mason Jones,Volume Striker,Wrestler,0,0,0,0,28.5,30.9,1,6,1.0,0.6667,1.0,0.3333,W,W,0.5278,0.5278,tossup (50-55%),A,0,0,0
3f719885c9916e06,2026-05-30,Women's Strawweight,0,0,Angela Hill,Xiong Jingnan,Volume Striker,Point Fighter,0,0,0,0,41.4,38.4,29,0,0.3333,0.0,0.2308,0.0,L,,0.4803,0.5197,tossup (50-55%),B,1,0,0
419fff06f338f5c6,2026-06-06,Middleweight,0,0,Brendan Allen,Edmen Shahbazyan,Sub Specialist,Volume Striker,0,0,0,0,30.4,28.5,19,15,0.6667,1.0,0.6667,0.8,W,W,0.5298,0.5298,tossup (50-55%),A,1,1,1
423f32dd018ac218,2026-05-30,Bantamweight,0,1,Deiveson Figueiredo,Song Yadong,Point Fighter,Volume Striker,0,0,0,0,38.4,28.5,21,16,0.3333,0.3333,0.5714,0.5455,L,L,0.305,0.695,med (60-70%),B,0,1,1
44cfbb8c3c356c65,2026-06-06,Featherweight,0,0,Joanderson Brito,Jordan Leavitt,Sub Specialist,Sub Specialist,0,0,0,0,31.3,31.0,9,10,0.3333,0.6667,0.8333,0.7143,W,W,0.4822,0.5178,tossup (50-55%),B,1,0,0
44d58943ac8e47e1,2026-02-28,Catch Weight,0,0,Ernesta Kareckaite,Regina Tarin,Volume Striker,Point Fighter,0,0,0,0,27.7,21.4,2,0,0.5,0.0,0.0,0.0,W,,0.5462,0.5462,tossup (50-55%),A,0,0,0
46181797eb543a0b,2026-05-02,Middleweight,0,0,Cam Rowston,Robert Bryczek,Volume Striker,Volume Striker,0,0,0,0,31.3,35.8,2,2,1.0,0.5,1.0,1.0,W,W,0.687,0.687,med (60-70%),A,1,1,1
48b1ee7ab45add4c,2026-06-27,Light Heavyweight,0,0,Abdul Rakhman Yakhyaev,Julius Walker,Sub Specialist,Wrestler,0,0,0,0,25.5,26.9,2,3,1.0,0.3333,1.0,0.0,W,L,0.7161,0.7161,high (>=70%),A,1,1,1
48cb604345f11766,2026-05-16,Middleweight,0,0,Andre Petroski,Cody Brundage,Wrestler,Volume Striker,0,0,0,0,34.9,32.0,12,16,0.3333,0.0,0.375,0.8,L,L,0.5909,0.5909,lean (55-60%),A,0,0,0
4e58bcc0d27042fd,2026-03-21,Featherweight,0,0,Danny Silva,Kurtis Campbell,Volume Striker,Point Fighter,0,0,0,0,29.1,23.6,3,0,0.6667,0.0,0.0,0.0,L,,0.5714,0.5714,lean (55-60%),A,1,1,1
508e622130b0a84d,2026-02-21,Welterweight,0,0,Jean-Paul Lebosnoyani,Phil Rowe,Point Fighter,Volume Striker,0,0,0,0,27.1,35.6,0,9,0.0,0.3333,0.0,1.0,,L,0.5071,0.5071,tossup (50-55%),A,1,1,1
54437b8dba3a6110,2026-02-21,Welterweight,0,0,Jacobe Smith,Josiah Harrell,Sub Specialist,Point Fighter,0,0,0,0,30.1,27.3,2,0,1.0,0.0,1.0,0.0,W,,0.7382,0.7382,high (>=70%),A,1,1,1
562d916f55918901,2026-03-21,Middleweight,0,0,Christian Leroy Duncan,Roman Dolidze,Volume Striker,Volume Striker,0,0,0,0,30.7,37.7,8,13,1.0,0.6667,0.8333,0.5556,W,L,0.6945,0.6945,med (60-70%),A,1,1,1
571a3eabff5c7ba7,2026-06-20,Featherweight,0,0,Andre Fili,Vinicius Oliveira,Volume Striker,Volume Striker,0,0,0,0,36.0,30.6,26,5,0.3333,0.6667,0.3077,0.25,L,L,0.3366,0.6634,med (60-70%),B,0,1,1
5727d5be8c373346,2026-06-14,Heavyweight,1,1,Alex Pereira,Ciryl Gane,Volume Striker,Counter Striker,0,0,0,0,38.9,36.2,12,13,0.6667,0.6667,0.8,0.6,W,D,0.5261,0.5261,tossup (50-55%),A,0,0,0
57bd683efc797fc1,2026-05-16,Catch Weight,0,0,Christian Edwards,Modestas Bukauskas,Point Fighter,Volume Striker,0,0,0,0,27.5,32.3,0,12,0.0,0.6667,0.0,0.5714,,L,0.4981,0.5019,tossup (50-55%),B,0,1,1
58ffa2dac4f2e7d0,2026-06-06,Lightweight,0,0,Fares Ziam,Tom Nolan,Counter Striker,Volume Striker,0,0,0,0,29.2,26.2,10,5,1.0,1.0,0.25,0.5,W,W,0.6464,0.6464,med (60-70%),A,0,0,0
5a209522211d7530,2026-04-18,Women's Flyweight,0,0,Jasmine Jasudavicius,Karine Silva,Sub Specialist,Sub Specialist,0,0,0,0,37.1,32.4,11,7,0.6667,0.3333,0.375,0.6,L,L,0.5469,0.5469,tossup (50-55%),A,1,1,1
5b49c3d36907c6df,2026-04-11,Welterweight,0,0,Charles Radtke,Francisco Prado,Sub Specialist,Volume Striker,0,0,0,0,35.8,23.8,6,5,0.6667,0.0,0.75,1.0,W,L,0.5418,0.5418,tossup (50-55%),A,1,1,1
5c69b019e6deee41,2026-06-06,Welterweight,0,1,Belal Muhammad,Gabriel Bonfim,Volume Striker,Sub Specialist,0,0,0,0,37.9,28.8,21,7,0.3333,1.0,0.2,0.6667,L,W,0.3818,0.6182,med (60-70%),B,0,1,1
5c73e0013b859664,2026-01-31,Road to 4 Bantamweight Tournament,1,0,Lawrence Lui,Sulangrangbo,Point Fighter,Point Fighter,0,0,0,0,29.5,20.5,0,0,0.0,0.0,0.0,0.0,,,0.3883,0.6117,med (60-70%),B,1,0,0
5c7c38dece435cde,2026-05-02,Lightweight,0,0,Beneil Dariush,Quillan Salkilld,Point Fighter,Wrestler,0,0,0,0,37.0,26.3,25,4,0.3333,1.0,0.4706,0.75,L,W,0.2235,0.7765,high (>=70%),B,0,1,1
5e7f4ba1210f433d,2026-06-27,Middleweight,0,0,Andrey Pulyaev,Nursulton Ruziboev,Point Fighter,Point Fighter,0,0,0,0,28.8,32.6,3,5,0.3333,0.6667,1.0,0.75,L,W,0.4862,0.5138,tossup (50-55%),B,0,1,1
5ee11b727e89e8ad,2026-03-21,Welterweight,0,0,Michael Page,Sam Patterson,Point Fighter,Volume Striker,0,0,0,0,39.0,29.9,4,5,0.6667,1.0,0.0,1.0,W,W,0.3829,0.6171,med (60-70%),B,1,0,0
5f7111b982bcf6e3,2026-05-16,Women's Bantamweight,0,0,Jacqueline Cavalcanti,Ketlen Vieira,Volume Striker,Volume Striker,0,0,0,0,28.7,34.7,5,14,1.0,0.3333,0.0,0.1111,W,L,0.5927,0.5927,lean (55-60%),A,0,0,0
60949f33201415ca,2026-04-11,Featherweight,0,0,Cub Swanson,Nate Landwehr,Volume Striker,Volume Striker,0,0,0,0,42.4,37.8,33,10,0.6667,0.3333,0.45,0.6,W,L,0.5919,0.5919,lean (55-60%),A,1,1,1
60de0423ae6ed097,2026-06-14,Bantamweight,0,0,Aiemann Zahabi,Sean O'Malley,Volume Striker,Volume Striker,0,0,0,0,38.6,31.6,10,16,1.0,0.3333,0.25,0.5833,W,W,0.3144,0.6856,med (60-70%),B,0,1,1
6102e7a6dcbc62f0,2026-03-28,Welterweight,0,0,Michael Chiesa,Niko Price,Sub Specialist,Volume Striker,0,0,0,0,38.3,36.5,21,20,1.0,0.0,0.5714,0.75,W,L,0.6763,0.6763,med (60-70%),A,1,1,1
610a640a0cd81ce5,2026-05-02,Lightweight,0,0,Dom Mar Fan,Kody Steele,Volume Striker,Point Fighter,0,0,0,0,26.1,31.0,1,1,1.0,0.0,0.0,0.0,W,L,0.808,0.808,high (>=70%),A,0,0,0
6242cda790f2085d,2026-05-16,Light Heavyweight,0,0,Ivan Erslan,Tuco Tokkos,Volume Striker,Sub Specialist,0,0,0,0,34.5,35.9,3,3,0.0,0.3333,0.0,1.0,L,W,0.4369,0.5631,lean (55-60%),B,1,0,0
62b5ce408c150fa8,2026-04-11,Lightweight,0,0,Esteban Ribovics,Mateusz Gamrot,Volume Striker,Wrestler,0,0,0,0,30.0,35.3,6,12,0.6667,0.3333,0.25,0.5,W,L,0.399,0.601,med (60-70%),B,0,1,1
6658fe4531c86674,2026-06-20,Welterweight,0,0,Leon Shahbazyan,Levan Chokheli,Volume Striker,Point Fighter,0,0,1,0,30.6,29.7,1,0,0.0,0.0,0.0,0.0,L,,0.392,0.608,med (60-70%),B,0,1,1
678440bd8274a18e,2026-04-18,Featherweight,0,0,Dennis Buzukja,Marcio Barbosa,Volume Striker,Point Fighter,0,0,1,0,28.5,27.9,5,0,0.3333,0.0,1.0,0.0,L,,0.4254,0.5746,lean (55-60%),B,0,1,1
67f24cf244134661,2026-04-25,Middleweight,0,0,Eric McConico,Rodolfo Vieira,Volume Striker,Sub Specialist,0,0,0,0,36.0,36.6,3,10,0.3333,0.3333,0.0,0.8333,L,L,0.3923,0.6077,med (60-70%),B,1,0,0
689384b01b40ef5c,2026-03-28,Lightweight,0,0,Chase Hooper,Lance Gibson Jr.,Sub Specialist,Point Fighter,0,0,0,0,26.5,31.1,13,1,0.6667,0.0,0.6667,0.0,L,L,0.6955,0.6955,med (60-70%),A,0,0,0
6a35ff33b8597904,2026-06-27,Welterweight,0,0,Eric Nolan,Farman Hasanov,Point Fighter,Point Fighter,0,0,0,0,28.8,30.9,1,0,0.0,0.0,0.0,0.0,L,,0.5278,0.5278,tossup (50-55%),A,0,0,0
6e78d874097a3d22,2026-02-21,Women's Flyweight,0,0,Carli Judice,Juliana Miller,Volume Striker,Wrestler,0,0,0,0,27.0,29.8,3,4,0.6667,0.3333,1.0,0.5,W,W,0.6209,0.6209,med (60-70%),A,1,1,1
6feb49a6b7e8433c,2026-03-07,Featherweight,0,0,Alberto Montes,Ricky Turcios,Point Fighter,Volume Striker,0,0,0,0,31.8,32.8,0,6,0.0,0.3333,0.0,0.0,,L,0.5212,0.5212,tossup (50-55%),A,1,1,1
70f1621080b3435c,2026-05-09,Middleweight,1,1,Khamzat Chimaev,Sean Strickland,Sub Specialist,Volume Striker,0,0,0,0,32.0,35.2,9,24,1.0,0.6667,0.6667,0.3529,W,W,0.6975,0.6975,med (60-70%),A,0,0,0
7208e40818401e88,2026-06-14,Lightweight,1,1,Ilia Topuria,Justin Gaethje,Volume Striker,Volume Striker,0,0,0,0,29.4,37.6,9,15,1.0,0.6667,0.7778,0.6,W,W,0.7689,0.7689,high (>=70%),A,0,0,0
721642e7de112e9e,2026-04-04,Women's Strawweight,0,0,Tabatha Ricci,Virna Jandiroba,Volume Striker,Sub Specialist,0,0,0,0,31.1,37.8,10,12,0.6667,0.6667,0.2857,0.5,W,L,0.4906,0.5094,tossup (50-55%),B,0,1,1
74bb036ef0493bf7,2026-04-04,Women's Bantamweight,0,0,Alice Pereira,Hailey Cowan,Point Fighter,Wrestler,0,0,0,0,20.3,34.1,1,2,0.0,0.0,0.0,0.0,L,L,0.65,0.65,med (60-70%),A,1,1,1
770c5302e32916ea,2026-05-09,Middleweight,0,0,Ateba Gautier,Ozzy Diaz,Volume Striker,Volume Striker,0,0,0,0,24.1,35.5,4,2,1.0,0.5,0.75,0.0,W,W,0.7604,0.7604,high (>=70%),A,1,1,1
7765e5e779dd7dc9,2026-07-11,Light Heavyweight,0,0,Nikita Krylov,Robert Whittaker,Volume Striker,Volume Striker,0,0,0,0,34.3,35.6,21,24,0.3333,0.3333,0.8333,0.3529,W,L,0.4759,0.5241,tossup (50-55%),B,0,1,1
780bae82bdfc7112,2026-01-31,Road to 4 Featherweight Tournament,1,0,Keiichiro Nakamura,Sebastian Szalay,Point Fighter,Point Fighter,0,0,0,0,27.2,32.0,0,0,0.0,0.0,0.0,0.0,,,0.5615,0.5615,lean (55-60%),A,1,1,1
7924f10aac3543de,2026-04-04,Featherweight,0,0,Jose Delano,Robert Ruchala,Point Fighter,Wrestler,0,0,0,0,29.6,27.9,0,1,0.0,0.0,0.0,0.0,,L,0.4454,0.5546,lean (55-60%),B,1,0,0
796e1151896195aa,2026-03-28,Women's Strawweight,0,0,Alexia Thainara,Bruna Brasil,Sub Specialist,Point Fighter,0,0,0,0,30.4,32.6,2,7,1.0,0.3333,0.5,0.0,W,L,0.745,0.745,high (>=70%),A,1,1,1
7ac4ae301ed699ab,2026-05-02,Welterweight,0,0,Jonathan Micallef,Themba Gorimbo,Volume Striker,Wrestler,0,0,0,0,27.2,35.3,2,7,1.0,0.3333,0.5,0.25,W,L,0.6031,0.6031,med (60-70%),A,1,1,1
7e551ddb1494a45f,2026-04-25,Heavyweight,0,0,Marcus Buchecha,Ryan Spann,Wrestler,Sub Specialist,0,0,0,0,36.3,34.7,2,17,0.0,0.6667,0.0,0.8,D,W,0.474,0.526,tossup (50-55%),B,0,1,1
809814f03ff3140c,2026-06-27,Lightweight,0,0,Matheus Camilo,Nazim Sadykhov,Wrestler,Volume Striker,0,0,0,0,25.5,32.1,2,6,0.5,0.6667,0.0,1.0,W,L,0.4957,0.5043,tossup (50-55%),B,1,0,0
81cde317c156723b,2026-06-27,Flyweight,0,0,Asu Almabayev,Charles Johnson,Wrestler,Volume Striker,0,0,0,0,32.4,35.5,7,14,0.6667,0.6667,0.3333,0.375,W,W,0.5764,0.5764,lean (55-60%),A,1,1,1
827c64369b374989,2026-05-02,Middleweight,0,0,Ben Johnston,Wes Schultz,Point Fighter,Point Fighter,0,0,0,0,35.6,29.7,0,1,0.0,0.0,0.0,0.0,,L,0.5448,0.5448,tossup (50-55%),A,0,0,0
845b8653f9cf839c,2026-05-09,Welterweight,0,0,Joaquin Buckley,Sean Brady,Volume Striker,Sub Specialist,0,0,0,0,32.0,33.5,16,10,0.6667,0.6667,0.7273,0.5,L,L,0.5215,0.5215,tossup (50-55%),A,0,0,0
84951374e4cdc679,2026-04-25,Lightweight,0,0,Alexander Hernandez,Rafa Garcia,Volume Striker,Volume Striker,0,0,0,0,33.6,31.7,17,10,1.0,0.6667,0.5,0.3333,W,W,0.4666,0.5334,tossup (50-55%),B,0,1,1
85c7a0f44aa3e10a,2026-04-18,Heavyweight,0,0,Gokhan Saricam,Tanner Boser,Point Fighter,Volume Striker,0,0,0,1,35.1,34.7,0,10,0.0,0.3333,0.0,0.6,,W,0.5039,0.5039,tossup (50-55%),A,1,1,1
85e94a6c071fd9fa,2026-03-28,Middleweight,0,1,Israel Adesanya,Joe Pyfer,Volume Striker,Volume Striker,0,0,0,0,36.7,29.5,18,8,0.0,1.0,0.3846,0.8333,L,W,0.4327,0.5673,lean (55-60%),B,0,1,1
86df0e75f41784d8,2026-02-07,Bantamweight,0,0,Gianni Vazquez,Javid Basharat,Point Fighter,Volume Striker,0,0,0,0,31.6,30.4,0,6,0.0,0.0,0.0,0.0,,L,0.3277,0.6723,med (60-70%),B,0,1,1
8817bd21b6d0a989,2026-03-21,Middleweight,0,0,Antonio Trocoli,Mantas Kondratavicius,Point Fighter,Point Fighter,0,0,0,0,35.3,26.7,4,0,0.0,0.0,0.0,0.0,L,,0.3265,0.6735,med (60-70%),B,0,1,1
8b809ba1880aded0,2026-06-20,Featherweight,0,0,Gaston Bolanos,Michael Aswell Jr.,Point Fighter,Volume Striker,0,0,0,0,33.8,25.7,4,3,0.3333,0.3333,0.0,1.0,L,L,0.4007,0.5993,lean (55-60%),B,1,0,0
8f9896e60047007f,2026-02-21,Welterweight,0,0,Punahele Soriano,Ramiz Brahimaj,Volume Striker,Sub Specialist,0,0,0,0,33.2,33.3,11,8,1.0,1.0,0.5714,1.0,W,W,0.5158,0.5158,tossup (50-55%),A,1,1,1
90187edeeda7e6d6,2026-03-21,Heavyweight,0,0,Felipe Franco,Mario Pinto,Point Fighter,Wrestler,0,0,0,0,25.2,28.0,0,2,0.0,1.0,0.0,1.0,,W,0.3194,0.6806,med (60-70%),B,0,1,1
90940d93d6e0998f,2026-06-06,Bantamweight,0,0,John Yannis,Marcus McGhee,Counter Striker,Volume Striker,0,0,0,0,31.9,36.1,2,5,0.5,0.6667,1.0,0.75,W,L,0.4774,0.5226,tossup (50-55%),B,0,1,1
930317fde9dbc55e,2026-07-11,Featherweight,0,0,Kai Kamaka III,Luke Riley,Volume Striker,Volume Striker,0,0,0,0,31.5,27.0,5,2,0.3333,1.0,0.0,0.5,W,W,0.3507,0.6493,med (60-70%),B,0,1,1
989760fa75321d69,2026-07-11,Welterweight,0,1,Conor McGregor,Max Holloway,Volume Striker,Volume Striker,0,0,1,0,38.0,34.6,14,32,0.3333,0.3333,0.8,0.5652,L,L,0.2666,0.7334,high (>=70%),B,0,1,1
98e77712f99956ff,2026-06-06,Women's Bantamweight,0,0,Chelsea Chandler,Priscila Cachoeira,Volume Striker,Volume Striker,0,0,0,0,35.5,37.8,5,13,0.3333,0.3333,0.5,0.8,L,L,0.5852,0.5852,lean (55-60%),A,1,1,1
9a0ecee6e8ca173f,2026-03-28,Women's Flyweight,0,0,Alexa Grasso,Maycee Barber,Volume Striker,Volume Striker,0,0,0,0,32.6,27.9,14,13,0.0,1.0,0.25,0.4545,L,W,0.3442,0.6558,med (60-70%),B,1,0,0
9a9b30b3165b62e4,2026-06-14,Lightweight,0,0,Mauricio Ruffy,Michael Chandler,Volume Striker,Volume Striker,0,0,0,0,30.0,40.1,5,9,0.6667,0.0,0.75,1.0,W,L,0.7686,0.7686,high (>=70%),A,1,1,1
9c9c26679701b84d,2026-04-04,Lightweight,0,0,Darrius Flowers,Lando Vannata,Point Fighter,Volume Striker,0,0,1,1,31.6,34.1,3,13,0.0,0.3333,0.0,0.5,L,L,0.4946,0.5054,tossup (50-55%),B,1,0,0
9d30c887e8bd8824,2026-02-07,Bantamweight,0,0,Jakub Wiklacz,Muin Gafurov,Point Fighter,Volume Striker,0,0,0,0,29.4,29.7,1,4,1.0,0.6667,0.0,0.0,W,W,0.4805,0.5195,tossup (50-55%),B,1,0,0
9d35723a53749931,2026-05-09,Middleweight,0,0,Marco Tulio,Roman Kopylov,Volume Striker,Volume Striker,0,0,0,0,31.9,34.0,3,11,0.6667,0.3333,1.0,0.8333,L,L,0.4992,0.5008,tossup (50-55%),B,0,1,1
9e00ee7644774e18,2026-07-11,Bantamweight,0,0,Farid Basharat,John Garza,Wrestler,Point Fighter,0,0,0,0,28.9,23.7,6,0,1.0,0.0,0.1667,0.0,W,,0.7404,0.7404,high (>=70%),A,1,1,1
9efa4de316b8bf43,2026-06-20,Featherweight,0,0,Otari Tanzilovi,Shane Collins,Point Fighter,Point Fighter,0,0,0,0,28.2,26.3,0,0,0.0,0.0,0.0,0.0,,,0.5008,0.5008,tossup (50-55%),A,0,0,0
9fab4b0ad082f670,2026-04-18,Middleweight,0,0,Julien Leblanc,Robert Valentin,Point Fighter,Point Fighter,0,0,0,0,34.2,31.0,0,3,0.0,0.0,0.0,0.0,,L,0.5799,0.5799,lean (55-60%),A,0,0,0
a031f062b7ffefee,2026-04-11,Light Heavyweight,1,1,Carlos Ulberg,Jiri Prochazka,Volume Striker,Volume Striker,0,0,0,0,35.4,33.5,11,8,1.0,0.6667,0.7,1.0,W,W,0.5776,0.5776,lean (55-60%),A,1,1,1
a23d84f15207e459,2026-05-30,Light Heavyweight,0,0,Alonzo Menifield,Zhang Mingyang,Volume Striker,Volume Striker,0,0,0,0,38.6,27.8,19,4,0.6667,0.6667,0.6667,1.0,L,L,0.3455,0.6545,med (60-70%),B,1,0,0
a26ea74f2e908842,2026-07-11,Lightweight,0,0,King Green,Terrance McKinney,Volume Striker,Volume Striker,0,0,0,0,39.8,31.8,36,14,1.0,0.6667,0.45,1.0,W,W,0.5039,0.5039,tossup (50-55%),A,1,1,1
a3ab1979192b647c,2026-07-11,Flyweight,0,0,Brandon Royval,Lone'er Kavanagh,Volume Striker,Point Fighter,0,0,0,0,33.9,27.1,12,4,0.3333,0.6667,0.5714,0.0,L,W,0.3908,0.6092,med (60-70%),B,1,0,0
a564219e7a964aa6,2026-05-02,Heavyweight,0,0,Brando Pericic,Shamil Gaziev,Volume Striker,Volume Striker,0,0,0,0,31.7,36.2,2,5,1.0,0.6667,1.0,0.6667,W,L,0.6376,0.6376,med (60-70%),A,1,1,1
a5abdc461cb1538e,2026-03-07,Light Heavyweight,0,0,Luke Fernandez,Rodolfo Bellato,Point Fighter,Volume Striker,0,0,0,0,30.7,30.1,0,4,0.0,0.0,0.0,1.0,,L,0.4338,0.5662,lean (55-60%),B,0,1,1
a5c5f76cf0a7c784,2026-02-07,Heavyweight,0,0,Jailton Almeida,Rizvan Kuniev,Sub Specialist,Point Fighter,0,0,0,0,34.6,33.9,10,1,0.6667,0.0,0.875,0.0,L,L,0.6773,0.6773,med (60-70%),A,0,0,0
a661c0bee7c8d5af,2026-04-18,Lightweight,0,0,Gauge Young,Thiago Moises,Volume Striker,Point Fighter,0,0,0,0,25.8,31.1,2,16,0.5,0.3333,0.0,0.5556,W,L,0.5971,0.5971,lean (55-60%),A,1,1,1
a6b211d8dab5edec,2026-06-06,Women's Flyweight,0,0,Jeisla Chaves,Yuneisy Duben,Point Fighter,Volume Striker,0,0,0,0,29.3,29.9,0,1,0.0,0.0,0.0,0.0,,L,0.6809,0.6809,med (60-70%),A,1,1,1
a6ec8573a9d38c51,2026-05-16,Bantamweight,0,0,Benardo Sopaj,Timmy Cuamba,Volume Striker,Volume Striker,0,0,0,0,25.6,27.3,2,4,0.5,0.6667,0.0,0.5,W,W,0.4445,0.5555,lean (55-60%),B,1,0,0
aade9d76ac6c6aef,2026-04-11,Light Heavyweight,0,0,Azamat Murzakanov,Paulo Costa,Volume Striker,Volume Striker,0,0,0,0,37.0,35.0,6,11,1.0,0.3333,0.8333,0.5714,W,W,0.6177,0.6177,med (60-70%),A,0,0,0
aaec28fa3c0c576d,2026-06-20,Featherweight,0,0,Christian Rodriguez,Hyder Amil,Volume Striker,Volume Striker,0,0,0,0,28.5,36.1,9,5,0.3333,0.3333,0.2,0.6667,L,L,0.6447,0.6447,med (60-70%),A,1,1,1
ae0a91c8f92f4758,2026-06-27,Bantamweight,0,0,Bekzat Almakhan,Jean Matsumoto,Point Fighter,Volume Striker,0,0,0,0,28.7,26.8,3,5,0.3333,0.3333,1.0,0.3333,L,L,0.3535,0.6465,med (60-70%),B,0,1,1
afc021700481ac4e,2026-06-20,Light Heavyweight,0,0,Ion Cutelaba,Navajo Stirling,Volume Striker,Volume Striker,0,0,0,0,32.5,28.6,20,4,0.6667,1.0,0.6667,0.25,W,W,0.3254,0.6746,med (60-70%),B,0,1,1
afec383a96893ec5,2026-05-02,Flyweight,0,0,Steve Erceg,Tim Elliott,Point Fighter,Wrestler,0,0,0,0,30.8,39.4,7,21,0.3333,0.6667,0.25,0.3,W,W,0.5865,0.5865,lean (55-60%),A,1,1,1
b0474597b2c60482,2026-06-06,Women's Strawweight,0,0,Ariane Carnelossi,Ketlen Souza,Volume Striker,Volume Striker,0,0,0,0,33.5,31.8,6,6,0.3333,0.3333,0.6667,0.3333,L,W,0.3879,0.6121,med (60-70%),B,0,1,1
b223b10ef19f912c,2026-07-11,Middleweight,0,0,Cesar Almeida,Damian Pinas,Point Fighter,KO Artist,0,0,0,0,38.3,24.3,5,1,0.6667,1.0,0.6667,1.0,L,W,0.1997,0.8003,high (>=70%),B,0,1,1
b23a1a5d35eb438a,2026-06-20,Women's Bantamweight,0,0,Karol Rosa,Luana Santos,Volume Striker,Sub Specialist,0,0,0,0,31.5,26.2,12,6,0.6667,0.6667,0.0,0.6,W,W,0.355,0.645,med (60-70%),B,0,1,1
b4e16fb13153efdc,2026-04-11,Welterweight,0,0,Kevin Holland,Randy Brown,Volume Striker,Volume Striker,0,0,0,0,33.4,35.8,29,21,0.3333,0.3333,0.6875,0.5,L,L,0.468,0.532,tossup (50-55%),B,1,0,0
b5299e5b946015e5,2026-04-18,Bantamweight,0,0,Charles Jourdain,Kyler Phillips,Volume Striker,Volume Striker,0,0,0,0,30.4,30.9,16,10,0.6667,0.3333,0.75,0.4286,W,L,0.4896,0.5104,tossup (50-55%),B,1,0,0
b98ead4eff6bf872,2026-05-16,Women's Strawweight,0,0,Alice Ardelean,Polyana Viana,Volume Striker,Sub Specialist,0,0,0,0,34.1,33.9,4,11,0.6667,0.0,0.0,1.0,W,L,0.6023,0.6023,med (60-70%),A,1,1,1
bae4de7ef8c0769e,2026-04-18,Women's Bantamweight,0,0,Daria Zhelezniakova,Melissa Croden,Point Fighter,Counter Striker,0,0,0,0,30.2,35.0,3,2,0.6667,0.5,0.0,1.0,W,L,0.4345,0.5655,lean (55-60%),B,0,1,1
bbe0f3653de9f6a8,2026-03-21,Lightweight,0,0,Abdul-Kareem Al-Selwady,Shem Rock,Wrestler,Point Fighter,0,0,1,0,30.9,32.4,1,1,0.0,0.0,0.0,0.0,L,L,0.3899,0.6101,med (60-70%),B,1,0,0
bc0b3c16246e0d1d,2026-05-30,Welterweight,0,0,Ding Meng,Jose Souza,Point Fighter,Point Fighter,0,0,0,0,31.7,24.0,0,0,0.0,0.0,0.0,0.0,,,0.4016,0.5984,lean (55-60%),B,0,1,1
bed89a91da9d04c1,2026-03-07,Bantamweight,0,0,Raul Rosas Jr.,Rob Font,Sub Specialist,Volume Striker,0,0,0,0,21.4,38.7,6,20,1.0,0.6667,0.6,0.5833,W,L,0.6781,0.6781,med (60-70%),A,1,1,1
bfe4950b3de83e9c,2026-06-06,Light Heavyweight,0,0,Iwo Baraniewski,Junior Tafa,Volume Striker,Volume Striker,0,0,0,0,27.5,29.7,2,8,1.0,0.3333,1.0,1.0,W,W,0.5629,0.5629,lean (55-60%),A,1,1,1
c0980a613f24accd,2026-06-20,Women's Bantamweight,0,0,Bia Mesquita,Melissa Mullins,Sub Specialist,Volume Striker,0,0,0,0,35.2,34.9,2,4,1.0,0.3333,1.0,0.5,W,L,0.6278,0.6278,med (60-70%),A,1,1,1
c13dc0cccef263f7,2026-06-27,Lightweight,0,1,Manuel Torres,Rafael Fiziev,Volume Striker,Volume Striker,0,0,0,0,31.3,33.3,6,12,0.6667,0.3333,1.0,0.4286,W,L,0.6543,0.6543,med (60-70%),A,0,0,0
c1c9dfd0c0952f18,2026-05-30,Welterweight,0,0,Carlston Harris,Jake Matthews,Sub Specialist,Point Fighter,0,0,0,0,38.9,31.8,7,23,0.3333,0.6667,0.75,0.5333,L,L,0.3823,0.6177,med (60-70%),B,0,1,1
c27bec45d5a29a2c,2026-04-04,Featherweight,0,0,Manolo Zecchini,Tommy McMillen,Point Fighter,Point Fighter,0,0,1,0,29.4,28.3,1,0,0.0,0.0,0.0,0.0,L,,0.2996,0.7004,high (>=70%),B,0,1,1
c40b934d2666e351,2026-02-28,Women's Bantamweight,0,0,Ailin Perez,Macy Chiasson,Wrestler,Volume Striker,0,0,0,0,31.4,34.6,6,13,1.0,0.3333,0.2,0.625,W,L,0.6166,0.6166,med (60-70%),A,1,1,1
c47796e11a801e12,2026-06-06,Bantamweight,0,0,Bryce Mitchell,Santiago Luna,Wrestler,Volume Striker,0,0,0,0,31.7,21.8,12,2,0.6667,1.0,0.2222,0.5,W,W,0.2835,0.7165,high (>=70%),B,1,0,0
c4d060cff018979a,2026-04-11,Light Heavyweight,0,0,Dominick Reyes,Johnny Walker,Volume Striker,Volume Striker,0,0,0,0,36.3,34.0,14,16,0.6667,0.3333,0.7778,0.7778,L,W,0.518,0.518,tossup (50-55%),A,1,1,1
c572daedf2012a49,2026-07-11,Bantamweight,0,0,Cory Sandhagen,Mario Bautista,Volume Striker,Volume Striker,0,0,0,0,34.2,33.0,16,14,0.3333,0.6667,0.6364,0.4545,L,W,0.5117,0.5117,tossup (50-55%),A,0,0,0
c769dd861357af9f,2026-03-14,Lightweight,0,0,Bolaji Oki,Manoel Sousa,Volume Striker,Point Fighter,0,0,0,0,30.3,28.8,4,0,0.3333,0.0,0.0,0.0,L,,0.5308,0.5308,tossup (50-55%),A,0,0,0
c7fb90f1355291e4,2026-04-25,Lightweight,0,0,Francis Marshall,Lucas Brennan,Sub Specialist,Point Fighter,0,0,0,0,27.1,25.9,6,0,0.6667,0.0,0.6667,0.0,W,,0.579,0.579,lean (55-60%),A,1,1,1
c85b530861145935,2026-05-09,Flyweight,1,1,Joshua Van,Tatsuro Taira,Volume Striker,Sub Specialist,0,0,0,0,24.6,26.3,10,9,1.0,0.6667,0.3333,0.75,W,W,0.5388,0.5388,tossup (50-55%),A,1,1,1
c9e0aa88afb81dab,2026-05-16,Lightweight,0,0,Artur Minev,Tommy Gantt,Point Fighter,Point Fighter,0,0,0,0,22.6,33.3,0,0,0.0,0.0,0.0,0.0,,,0.5798,0.5798,lean (55-60%),A,0,0,0
caf13346cbcfdb03,2026-04-04,Women's Flyweight,0,0,Dione Barbosa,Melissa Gatto,Sub Specialist,Volume Striker,0,0,0,1,33.9,29.9,4,5,0.3333,0.3333,0.5,1.0,L,W,0.4526,0.5474,tossup (50-55%),B,1,0,0
cb745968bd16bf56,2026-04-25,Women's Bantamweight,0,0,Joselyne Edwards,Norma Dumont,Volume Striker,Volume Striker,0,0,0,0,30.6,35.6,12,11,1.0,1.0,0.5,0.0,W,W,0.4722,0.5278,tossup (50-55%),B,1,0,0
cc03e698c4b7da52,2026-03-07,Light Heavyweight,0,0,Diyar Nurgozhay,Rafael Tobias,Wrestler,Point Fighter,0,0,0,0,28.9,23.0,2,0,0.0,0.0,0.0,0.0,L,,0.4251,0.5749,lean (55-60%),B,1,0,0
cfc884a249141cba,2026-05-02,Featherweight,0,0,Marwan Rahiki,Ollie Schmid,Volume Striker,Point Fighter,0,0,0,0,24.0,25.3,1,0,1.0,0.0,1.0,0.0,W,,0.6498,0.6498,med (60-70%),A,1,1,1
cff81d681a01ae18,2026-03-14,Middleweight,0,0,Brad Tavares,Eryk Anders,Point Fighter,Volume Striker,0,0,0,0,38.2,38.9,27,19,0.3333,0.6667,0.125,0.5556,L,L,0.5159,0.5159,tossup (50-55%),A,0,0,0
d564db29997e1371,2026-03-07,Middleweight,0,0,Caio Borralho,Reinier de Ridder,Volume Striker,Sub Specialist,0,0,0,0,33.1,35.5,8,5,0.6667,0.6667,0.2857,0.75,L,L,0.6006,0.6006,med (60-70%),A,1,1,1
d63c9aa4f4873001,2026-01-24,Women's Flyweight,0,0,Natalia Silva,Rose Namajunas,Volume Striker,Point Fighter,0,0,0,0,29.0,33.6,7,18,1.0,0.6667,0.2857,0.4167,W,W,0.6212,0.6212,med (60-70%),A,1,1,1
d69bd8e53ec858dc,2026-04-04,Lightweight,0,1,Chris Duncan,Renato Moicano,Sub Specialist,Sub Specialist,0,0,0,0,32.9,36.9,7,19,1.0,0.3333,0.5,0.6667,W,L,0.5107,0.5107,tossup (50-55%),A,0,0,0
d83294b031502177,2026-06-27,Middleweight,0,0,Brunno Ferreira,Ikram Aliskerov,Volume Striker,Volume Striker,0,0,0,0,33.6,33.6,9,5,0.6667,0.6667,0.8333,0.75,L,W,0.3803,0.6197,med (60-70%),B,0,1,1
dcfd594b68ff5ae1,2026-04-25,Women's Bantamweight,0,0,Mayra Bueno Silva,Michelle Montague,Volume Striker,Wrestler,0,0,0,0,34.7,32.4,14,1,0.0,1.0,0.8333,0.0,L,W,0.3963,0.6037,med (60-70%),B,0,1,1
dd12bf51c5ed7f1e,2026-02-21,Welterweight,0,0,Geoff Neal,Uros Medic,Volume Striker,Volume Striker,0,0,0,0,35.5,32.8,14,10,0.3333,0.6667,0.7778,1.0,L,W,0.5083,0.5083,tossup (50-55%),A,0,0,0
e284a194fb4648a9,2026-04-04,Middleweight,0,0,Azamat Bekoev,Tresean Gore,Wrestler,Sub Specialist,0,0,0,0,30.3,31.8,3,6,0.6667,0.3333,1.0,1.0,L,L,0.6245,0.6245,med (60-70%),A,0,0,0
e32dc26b11d1f81d,2026-03-28,Middleweight,0,0,Mansur Abdul-Malik,Yousri Belgaroui,Volume Striker,Volume Striker,0,0,0,0,28.5,33.8,4,1,0.6667,1.0,1.0,1.0,W,W,0.5609,0.5609,lean (55-60%),A,0,0,0
e4849375d1949c74,2026-06-20,Featherweight,0,0,Melsik Baghdasaryan,Murtazali Magomedov,Volume Striker,Point Fighter,0,0,0,0,34.4,26.8,6,0,0.3333,0.0,0.25,0.0,L,,0.4806,0.5194,tossup (50-55%),B,0,1,1
e4aa608124896794,2026-05-16,Featherweight,0,1,Arnold Allen,Melquizael Costa,Point Fighter,Volume Striker,0,0,0,0,32.3,29.7,14,9,0.3333,1.0,0.3636,0.5714,L,W,0.4305,0.5695,lean (55-60%),B,1,0,0
e50857173607d631,2026-05-09,Lightweight,0,0,Jared Gordon,Jim Miller,Volume Striker,Sub Specialist,0,0,0,0,37.7,42.7,17,46,0.3333,0.3333,0.3333,0.7037,L,L,0.608,0.608,med (60-70%),A,0,0,0
e644218737c1a778,2026-04-18,Lightweight,0,0,Jai Herbert,Mandel Nallo,Point Fighter,Point Fighter,0,0,0,0,37.9,36.7,9,0,0.3333,0.0,0.3333,0.0,L,,0.4539,0.5461,tossup (50-55%),B,1,0,0
e84c3f1f9a33fa90,2026-07-11,Women's Flyweight,0,0,Tracy Cortez,Wang Cong,Volume Striker,Volume Striker,0,0,0,0,32.6,34.2,9,5,0.3333,1.0,0.0,0.25,L,W,0.4932,0.5068,tossup (50-55%),B,0,1,1
e92d89cb2d69235e,2026-05-09,Flyweight,0,0,Clayton Carpenter,Jose Ochoa,Sub Specialist,Point Fighter,0,0,0,0,29.9,25.4,4,3,0.3333,0.3333,1.0,1.0,L,L,0.4942,0.5058,tossup (50-55%),B,0,1,1
e9f389ba3a1e33c4,2026-07-11,Bantamweight,0,0,Adrian Yanez,Cody Garbrandt,Volume Striker,Point Fighter,0,0,0,0,32.6,35.0,11,17,0.3333,0.3333,0.8571,0.6,D,W,0.5761,0.5761,lean (55-60%),A,1,1,1
eb6d9fef6c374830,2026-05-02,Welterweight,0,1,Carlos Prates,Jack Della Maddalena,Volume Striker,Volume Striker,0,0,0,0,32.7,29.6,7,9,0.6667,0.6667,1.0,0.625,W,L,0.4435,0.5565,lean (55-60%),B,1,0,0
ec32745308e2b055,2026-05-16,Welterweight,0,0,Khaos Williams,Nikolay Veretennikov,Volume Striker,Point Fighter,0,0,0,0,32.1,36.4,10,5,0.3333,0.6667,0.6667,0.5,L,W,0.5452,0.5452,tossup (50-55%),A,1,1,1
ecb7ff543dd41bf8,2026-05-16,Bantamweight,0,0,Juan Diaz,Malcolm Wellmaker,Point Fighter,Volume Striker,0,0,0,0,28.0,31.9,0,3,0.0,0.6667,0.0,1.0,,L,0.4524,0.5476,tossup (50-55%),B,1,0,0
edff38661bf2866b,2026-05-02,Middleweight,0,0,Gerald Meerschaert,Jacob Malkoun,Sub Specialist,Wrestler,0,0,0,0,38.4,30.7,25,8,0.0,0.6667,1.0,0.2,L,W,0.3032,0.6968,med (60-70%),B,0,1,1
ef1cd6371a3f18e0,2026-04-25,Middleweight,0,0,Jackson McVey,Sedriques Dumas,Volume Striker,Point Fighter,0,0,0,0,27.1,30.7,2,8,0.0,0.0,0.0,0.0,L,L,0.5646,0.5646,lean (55-60%),A,1,1,1
f02c0adc4ae629c6,2026-03-07,Lightweight,0,0,Drew Dober,Michael Johnson,Volume Striker,Volume Striker,0,0,0,0,37.4,39.8,27,31,0.3333,1.0,0.8,0.375,W,W,0.4613,0.5387,tossup (50-55%),B,1,0,0
f1cb2e7ef096ec7c,2026-06-27,Welterweight,0,0,Jefferson Nascimento,Tahir Abdullayev,Point Fighter,Point Fighter,0,0,0,0,27.6,29.4,0,0,0.0,0.0,0.0,0.0,,,0.5044,0.5044,tossup (50-55%),A,0,0,0
f26c0bdf7689aea2,2026-03-14,Welterweight,0,0,Chris Curtis,Myktybek Orolbai,Volume Striker,Sub Specialist,0,0,0,0,38.7,28.1,12,5,0.3333,0.6667,0.5714,0.75,W,W,0.2669,0.7331,high (>=70%),B,0,1,1
f44b4e998b6829f6,2026-03-14,Bantamweight,0,0,Elijah Smith,SuYoung You,Wrestler,Wrestler,0,0,0,0,23.5,30.3,2,3,1.0,1.0,0.5,0.0,W,W,0.6407,0.6407,med (60-70%),A,1,1,1
f506977877074aa6,2026-04-11,Women's Strawweight,0,0,Loopy Godinez,Tatiana Suarez,Volume Striker,Sub Specialist,0,0,0,0,32.6,35.3,14,9,0.6667,0.6667,0.2222,0.625,W,W,0.4452,0.5548,lean (55-60%),B,0,1,1
f524e42c36028de0,2026-04-25,Featherweight,0,1,Aljamain Sterling,Youssef Zalal,Volume Striker,Sub Specialist,0,0,0,0,36.7,29.6,22,12,0.6667,1.0,0.3529,0.5,W,W,0.4085,0.5915,lean (55-60%),B,1,0,0
f594fc5c2bc6237e,2026-03-14,Featherweight,0,1,Josh Emmett,Kevin Vallejos,Volume Striker,Volume Striker,0,0,0,0,41.0,24.3,16,3,0.3333,1.0,0.4,0.6667,L,W,0.2221,0.7779,high (>=70%),B,0,1,1
f5aff2f858311fbc,2026-04-25,Bantamweight,0,0,Adrian Luna Martinetti,Davey Grant,Point Fighter,Volume Striker,0,0,0,0,30.7,40.4,0,15,0.0,0.6667,0.0,0.5,,L,0.5114,0.5114,tossup (50-55%),A,0,0,0
f6d09973de0f83e7,2026-05-30,Middleweight,0,0,Luis Felipe Dias,YiSak Lee,Point Fighter,Point Fighter,0,0,0,0,31.4,26.4,0,0,0.0,0.0,0.0,0.0,,,0.4522,0.5478,tossup (50-55%),B,1,0,0
f74e4afdf6ae29d1,2026-05-30,Heavyweight,0,0,Sergei Pavlovich,Tallison Teixeira,Volume Striker,Wrestler,0,0,0,0,34.0,26.5,11,3,0.6667,0.6667,0.75,0.5,W,W,0.4923,0.5077,tossup (50-55%),B,1,0,0
f88dc6e0c29cff1d,2026-05-09,Welterweight,0,0,Joel Alvarez,Yaroslav Amosov,Volume Striker,Sub Specialist,0,0,0,0,33.2,32.7,10,1,1.0,1.0,0.875,1.0,W,W,0.4986,0.5014,tossup (50-55%),B,0,1,1
f9f5071b993a5f4b,2026-03-28,Featherweight,0,0,Julian Erosa,Lerryan Douglas,Volume Striker,Point Fighter,0,0,0,0,36.7,30.9,18,0,0.6667,0.0,0.7,0.0,L,,0.5499,0.5499,tossup (50-55%),A,0,0,0
fa96d6252579b51e,2026-03-28,Lightweight,0,0,Ignacio Bahamondes,Tofiq Musayev,Volume Striker,Point Fighter,0,0,0,0,28.6,36.3,10,1,0.6667,0.0,0.8571,0.0,L,L,0.7589,0.7589,high (>=70%),A,0,0,0
fc1266e2892ed111,2026-05-16,Featherweight,0,0,Daniel Santos,Dooho Choi,Volume Striker,Volume Striker,0,0,0,0,31.2,35.1,5,9,1.0,0.6667,0.5,1.0,W,W,0.614,0.614,med (60-70%),A,0,0,0
fef80c98b2fba70c,2026-04-04,Bantamweight,0,0,Ethyn Ewing,Rafael Estevam,Volume Striker,Wrestler,0,0,0,0,30.1,29.6,1,3,1.0,1.0,0.0,0.0,W,W,0.4376,0.5624,lean (55-60%),B,1,0,0
ffcb47e17eebe6a6,2026-05-09,Lightweight,0,0,Grant Dawson,Mateusz Rebecki,Sub Specialist,Volume Striker,0,0,0,0,32.2,33.6,15,7,0.6667,0.3333,0.5833,0.5,L,L,0.6772,0.6772,med (60-70%),A,1,1,1
